ACN,0
AYI,1
AMD,2
AAP,3
AES,4
AET,5
AMG,6
AFL,7
A,8
APD,9
ALK,10
ALB,11
ARE,12
ALXN,13
ALGN,14
ALLE,15
AGN,16
ADS,17
LNT,18
ALL,19
GOOGL,20
GOOG,21
MO,22
AEE,23
AAL,24
AEP,25
AXP,26
AIG,27
AMT,28
AWK,29
AMP,30
ABC,31
AME,32
AMGN,33
APH,34
APC,35
ADI,36
ANSS,37
ANTM,38
AON,39
AOS,40
APA,41
AIV,42
AMAT,43
ADM,44
ARNC,45
AJG,46
AIZ,47
T,48
ADSK,49
ADP,50
AZO,51
AVB,52
AVY,53
BLL,54
BAC,55
BK,56
BAX,57
BBT,58
BDX,59
BBY,60
BIIB,61
BLK,62
HRB,63
BA,64
BWA,65
BXP,66
BSX,67
BMY,68
AVGO,69
CHRW,70
CA,71
COG,72
CDNS,73
CPB,74
COF,75
CAH,76
CBOE,77
KMX,78
CCL,79
CAT,80
CBG,81
CBS,82
CNC,83
CNP,84
CTL,85
CERN,86
CF,87
SCHW,88
CHTR,89
CHK,90
CVX,91
CMG,92
CB,93
CHD,94
CI,95
XEC,96
CINF,97
CTAS,98
CSCO,99
C,100
CFG,101
CTXS,102
CLX,103
CME,104
CMS,105
KO,106
CTSH,107
CL,108
CMA,109
CAG,110
CXO,111
COP,112
ED,113
STZ,114
COO,115
GLW,116
COTY,117
CCI,118
CSRA,119
CSX,120
CMI,121
CVS,122
DHI,123
DHR,124
DRI,125
DVA,126
DE,127
DAL,128
XRAY,129
DVN,130
DLR,131
DFS,132
DISCA,133
DISCK,134
DISH,135
DG,136
DLTR,137
D,138
DOV,139
DPS,140
DTE,141
DRE,142
DUK,143
ETFC,144
EMN,145
ETN,146
EBAY,147
ECL,148
EIX,149
EW,150
EA,151
EMR,152
ETR,153
EVHC,154
EOG,155
EQT,156
EFX,157
EQIX,158
EQR,159
ESS,160
EL,161
ES,162
RE,163
EXC,164
EXPE,165
EXPD,166
ESRX,167
EXR,168
XOM,169
FFIV,170
FB,171
FRT,172
FDX,173
FIS,174
FITB,175
FE,176
FISV,177
FLIR,178
FLS,179
FLR,180
FMC,181
FL,182
F,183
FTV,184
FBHS,185
BEN,186
FCX,187
GPS,188
GRMN,189
IT,190
GD,191
GE,192
GGP,193
GIS,194
GM,195
GPC,196
GILD,197
GPN,198
GS,199
GT,200
GWW,201
HAL,202
HBI,203
HOG,204
HRS,205
HIG,206
HAS,207
HCA,208
HCP,209
HP,210
HSIC,211
HSY,212
HES,213
HPE,214
HOLX,215
HD,216
HON,217
HRL,218
HST,219
HPQ,220
HUM,221
HBAN,222
HII,223
IDXX,224
ITW,225
ILMN,226
IR,227
ICE,228
IBM,229
INCY,230
IP,231
IPG,232
IFF,233
INTU,234
ISRG,235
IVZ,236
IPGP,237
IRM,238
JEC,239
JBHT,240
SJM,241
JNJ,242
JCI,243
JPM,244
JNPR,245
KSU,246
K,247
KEY,248
KMB,249
KIM,250
KMI,251
KLAC,252
KSS,253
KHC,254
KR,255
LB,256
LLL,257
LH,258
LRCX,259
LEG,260
LEN,261
LUK,262
LLY,263
LNC,264
LKQ,265
LMT,266
L,267
LYB,268
MTB,269
MAC,270
M,271
MRO,272
MPC,273
MAR,274
MMC,275
MLM,276
MAS,277
MA,278
MAT,279
MKC,280
MCD,281
MCK,282
MDT,283
MRK,284
MET,285
MTD,286
MGM,287
KORS,288
MCHP,289
MU,290
MSFT,291
MAA,292
MHK,293
TAP,294
MDLZ,295
MON,296
MNST,297
MCO,298
MS,299
MOS,300
MSI,301
MYL,302
NDAQ,303
NOV,304
NAVI,305
NTAP,306
NFLX,307
NWL,308
NFX,309
NEM,310
NWSA,311
NWS,312
NEE,313
NLSN,314
NKE,315
NI,316
NBL,317
JWN,318
NSC,319
NTRS,320
NOC,321
NCLH,322
NRG,323
NUE,324
NVDA,325
ORLY,326
OXY,327
OMC,328
OKE,329
ORCL,330
PCAR,331
PKG,332
PH,333
PDCO,334
PAYX,335
PYPL,336
PNR,337
PBCT,338
PEP,339
PKI,340
PRGO,341
PFE,342
PCG,343
PM,344
PSX,345
PNW,346
PXD,347
PNC,348
RL,349
PPG,350
PPL,351
PX,352
PFG,353
PG,354
PGR,355
PLD,356
PRU,357
PEG,358
PSA,359
PHM,360
PVH,361
QRVO,362
PWR,363
DGX,364
RRC,365
RJF,366
RTN,367
O,368
RHT,369
REG,370
REGN,371
RF,372
RSG,373
RMD,374
RHI,375
ROK,376
COL,377
ROP,378
ROST,379
RCL,380
CRM,381
SBAC,382
SCG,383
SLB,384
STX,385
SEE,386
SRE,387
SHW,388
SIG,389
SPG,390
SWKS,391
SLG,392
SNA,393
SO,394
LUV,395
SPGI,396
SWK,397
SBUX,398
STT,399
SRCL,400
SYK,401
STI,402
SYMC,403
SYF,404
SNPS,405
SYY,406
TROW,407
TGT,408
TEL,409
FTI,410
TXN,411
TXT,412
TMO,413
TIF,414
TWX,415
TJX,416
TMK,417
TSS,418
TSCO,419
TDG,420
TRV,421
TRIP,422
FOXA,423
FOX,424
TSN,425
UDR,426
ULTA,427
USB,428
UAA,429
UA,430
UNP,431
UAL,432
UNH,433
UPS,434
URI,435
UTX,436
UHS,437
UNM,438
VFC,439
VLO,440
VAR,441
VTR,442
VRSN,443
VRSK,444
VZ,445
VRTX,446
VIAB,447
V,448
VNO,449
VMC,450
WMT,451
WBA,452
DIS,453
WM,454
WAT,455
WEC,456
WFC,457
WDC,458
WU,459
WRK,460
WY,461
WHR,462
WMB,463
WLTW,464
WYN,465
WYNN,466
XEL,467
XRX,468
XLNX,469
XL,470
XYL,471
YUM,472
ZBH,473
ZION,474
ZTS,475
